{"d1":{"resonance_frequency_ge":{"std_dev":250430.0563966624,"tag":null,"value":4417054586.934705}}}