{"aborted":false,"aic":-1923.7703462997235,"best_values":{"amplitude":3811.6147085285743,"offset":7.4265651842649145,"position":4417054586.934705,"width":8987.77125413874},"bic":-1910.5571266674872,"calc_covar":true,"call_kws":{"Dfun":null,"col_deriv":0,"diag":null,"epsfcn":1e-10,"factor":100,"ftol":1.5e-8,"full_output":1,"gtol":0.0,"maxfev":20000,"xtol":1.5e-8},"chisqr":0.013467271979431678,"ci_out":null,"col_deriv":false,"errorbars":true,"flatchain":null,"ier":2,"init_values":{"amplitude":372152.9049781384,"offset":0.0,"position":4416918500.0,"width":50000.0},"kws":{},"lmdif_message":"The relative error between two consecutive iterates is at most 0.000000","max_nfev":10000,"message":"Fit succeeded.","method":"leastsq","model":"Model(lorentzian)","nan_policy":"raise","ndata":201,"nfev":60,"nfree":197,"nvarys":4,"params":[["width",8987.77125413874,true,null,null,null,null,13595315.441885654,{"amplitude":-0.9999962760481419,"offset":-0.15886924507716668,"position":0.9955961084568254},50000.0,null],["position",4417054586.934705,true,null,null,null,null,250430.0563966624,{"amplitude":-0.995840806785659,"offset":-0.1485922931534501,"width":0.9955961084568254},4416918500.0,null],["amplitude",3811.6147085285743,true,null,null,null,null,5725537.16940269,{"offset":0.15853545287363502,"position":-0.995840806785659,"width":-0.9999962760481419},372152.9049781384,null],["offset",7.4265651842649145,true,null,null,null,null,0.0005967172382934616,{"amplitude":0.15853545287363502,"position":-0.1485922931534501,"width":-0.15886924507716668},0.0,null]],"redchi":0.00006836178669762273,"rsquared":0.005106224499013545,"scale_covar":true,"success":true,"user_options":null,"var_names":["width","position","amplitude","offset"]}