{"d1":{"aborted":false,"aic":-1916.7961852328694,"best_values":{"amplitude":7391.15566822109,"offset":7.389210157822696,"position":4357095239.536595,"width":1164.0523419746864},"bic":-1903.582965600633,"calc_covar":true,"call_kws":{"Dfun":null,"col_deriv":0,"diag":null,"epsfcn":1e-10,"factor":100,"ftol":1.5e-8,"full_output":1,"gtol":0.0,"maxfev":20000,"xtol":1.5e-8},"chisqr":0.01394275143734572,"ci_out":null,"col_deriv":false,"errorbars":true,"flatchain":null,"ier":2,"init_values":{"amplitude":370263.54356835096,"offset":0.0,"position":4357118500.0,"width":50000.0},"kws":{},"lmdif_message":"The relative error between two consecutive iterates is at most 0.000000","max_nfev":10000,"message":"Fit succeeded.","method":"leastsq","model":"Model(lorentzian)","nan_policy":"raise","ndata":201,"nfev":259,"nfree":197,"nvarys":4,"params":[["width",1164.0523419746864,true,null,null,null,null,8536241.151183495,{"amplitude":-0.999998238254163,"offset":-0.13065194570312522,"position":0.7142733916391145},50000.0,null],["position",4357095239.536595,true,null,null,null,null,2749772.6578830266,{"amplitude":-0.7155848637891301,"offset":-0.03538597787853138,"width":0.7142733916391145},4357118500.0,null],["amplitude",7391.15566822109,true,null,null,null,null,54033680.91768619,{"offset":0.13049114798001404,"position":-0.7155848637891301,"width":-0.999998238254163},370263.54356835096,null],["offset",7.389210157822696,true,null,null,null,null,0.000602260637516767,{"amplitude":0.13049114798001404,"position":-0.03538597787853138,"width":-0.13065194570312522},0.0,null]],"redchi":0.00007077538800683106,"rsquared":0.017682785493453368,"scale_covar":true,"success":true,"user_options":null,"var_names":["width","position","amplitude","offset"]}}