{"d1":{"resonance_frequency_ge":{"std_dev":2749772.6578830266,"tag":null,"value":4357095239.536595}}}