{
  "QA": {
    "shfqc_0": {
      "LO": 7200000000.0,
      "range_out": -20,
      "range_in": 0,
      "port_delay": 8.75e-08,
      "reset_delay_length": 7e-05
    },
    "shfqc_1": {
      "LO": 7200000000.0,
      "range_out": -30,
      "range_in": -10,
      "port_delay": 7.2e-08,
      "reset_delay_length": 7e-05
    }
  },
  "SG": {
    "shfqc_0": {
      "LO": [
        4400000000.0,
        5000000000.0,
        6000000000.0
      ]
    },
    "shfqc_1": {
      "LO": [
        4400000000.0,
        5000000000.0,
        6000000000.0
      ]
    }
  },
  "Q0": {
    "DRV": {
      "device": "shfqc_0",
      "port": 0,
      "range_out": 10,
      "freq": 4406212000.0,
      "pulse_length": 2e-08,
      "amp_pi": 1.00615,
      "beta": 0.0,
      "amp_half_pi": 0.503075,
      "sigma": 0.2,
      "spec_pulse_length": 1e-06,
      "spec_pulse_amp": 0.01
    },
    "FDRV": {
      "device": "hdawg",
      "port": 0,
      "range_out": 0,
      "offset": 0,
      "port_delay": 8.5e-08
    },
    "RO": {
      "freq": 7144931641.112486,
      "pulse_length": 1e-06,
      "pulse_amp": 0.2,
      "spec_pulse_length": 1e-06,
      "spec_pulse_amp": 0.1
    },
    "ACQ": {
      "kernel_type": "default",
      "threshold": 4300.275000000001
    },
    "metadata": {
      "T1": 1e-05,
      "T2*": 1.964e-05,
      "T2": 1e-05,
      "fidelity": 50.01220703125
    }
  }
}