{"d1":{"resonance_frequency_ge":{"std_dev":65313.30006347877,"tag":null,"value":4382296420.874979}}}