{"d1":{"aborted":false,"aic":-18561.71281809094,"best_values":{"amplitude":0.2279177174743264,"offset":0.0005280778868406772,"position":4382296420.874979,"width":1228.3502138562337},"bic":-18544.118438352798,"calc_covar":true,"call_kws":{"Dfun":null,"col_deriv":0,"diag":null,"epsfcn":1e-10,"factor":100,"ftol":1.5e-8,"full_output":1,"gtol":0.0,"maxfev":20000,"xtol":1.5e-8},"chisqr":2.2910410053103915e-11,"ci_out":null,"col_deriv":false,"errorbars":true,"flatchain":null,"ier":2,"init_values":{"amplitude":26.435092144600794,"offset":0.0,"position":4382318500.0,"width":50000.0},"kws":{},"lmdif_message":"The relative error between two consecutive iterates is at most 0.000000","max_nfev":10000,"message":"Fit succeeded.","method":"leastsq","model":"Model(lorentzian)","nan_policy":"raise","ndata":601,"nfev":138,"nfree":597,"nvarys":4,"params":[["width",1228.3502138562337,true,null,null,null,null,399047.2138127584,{"amplitude":-0.9999994720461616,"offset":-0.07820485303973841,"position":0.4711513209671274},50000.0,null],["position",4382296420.874979,true,null,null,null,null,65313.30006347877,{"amplitude":-0.47113973603470694,"offset":-0.04127129895815289,"width":0.4711513209671274},4382318500.0,null],["amplitude",0.2279177174743264,true,null,null,null,null,73.60671512101797,{"offset":0.0781459455764082,"position":-0.47113973603470694,"width":-0.9999994720461616},26.435092144600794,null],["offset",0.0005280778868406772,true,null,null,null,null,8.028722158677064e-9,{"amplitude":0.0781459455764082,"position":-0.04127129895815289,"width":-0.07820485303973841},0.0,null]],"redchi":3.837589623635497e-14,"rsquared":0.015105929019424202,"scale_covar":true,"success":true,"user_options":null,"var_names":["width","position","amplitude","offset"]}}