{"d1":{"resonance_frequency_ge":{"std_dev":75362.7422975032,"tag":null,"value":4378450476.716452}}}