{"d1":{"aborted":false,"aic":-1966.9840441489523,"best_values":{"amplitude":-3232.044427591581,"offset":7.423329478375895,"position":4378450476.716452,"width":133964.81360465594},"bic":-1953.770824516716,"calc_covar":true,"call_kws":{"Dfun":null,"col_deriv":0,"diag":null,"epsfcn":1e-10,"factor":100,"ftol":1.5e-8,"full_output":1,"gtol":0.0,"maxfev":20000,"xtol":1.5e-8},"chisqr":0.01086198330518303,"ci_out":null,"col_deriv":false,"errorbars":true,"flatchain":null,"ier":2,"init_values":{"amplitude":-372011.76501934836,"offset":0.0,"position":4378518500.0,"width":50000.0},"kws":{},"lmdif_message":"The relative error between two consecutive iterates is at most 0.000000","max_nfev":10000,"message":"Fit succeeded.","method":"leastsq","model":"Model(lorentzian)","nan_policy":"raise","ndata":201,"nfev":65,"nfree":197,"nvarys":4,"params":[["width",133964.81360465594,true,null,null,null,null,135173.34816174235,{"amplitude":-0.6265989832054023,"offset":0.17094361142659362,"position":0.5852091959598332},50000.0,null],["position",4378450476.716452,true,null,null,null,null,75362.7422975032,{"amplitude":-0.15652504646074367,"offset":0.0784442071826216,"width":0.5852091959598332},4378518500.0,null],["amplitude",-3232.044427591581,true,null,null,null,null,1394.500337871647,{"offset":-0.22094826487232128,"position":-0.15652504646074367,"width":-0.6265989832054023},-372011.76501934836,null],["offset",7.423329478375895,true,null,null,null,null,0.0005376663461970293,{"amplitude":-0.22094826487232128,"position":0.0784442071826216,"width":0.17094361142659362},0.0,null]],"redchi":0.00005513697109229965,"rsquared":0.048045249128273126,"scale_covar":true,"success":true,"user_options":null,"var_names":["width","position","amplitude","offset"]}}