{"d1":{"resonance_frequency_ge":{"std_dev":82917.81817044425,"tag":null,"value":4404185226.9856825}}}