{"d1":{"aborted":false,"aic":-1944.6272891217116,"best_values":{"amplitude":-6908.131861403705,"offset":7.41152217184985,"position":4404185226.9856825,"width":277542.78214862075},"bic":-1931.4140694894752,"calc_covar":true,"call_kws":{"Dfun":null,"col_deriv":0,"diag":null,"epsfcn":1e-10,"factor":100,"ftol":1.5e-8,"full_output":1,"gtol":0.0,"maxfev":20000,"xtol":1.5e-8},"chisqr":0.012139887996132,"ci_out":null,"col_deriv":false,"errorbars":true,"flatchain":null,"ier":3,"init_values":{"amplitude":-371456.26701031695,"offset":0.0,"position":4404318500.0,"width":50000.0},"kws":{},"lmdif_message":"Both actual and predicted relative reductions in the sum of squares\n  are at most 0.000000 and the relative error between two consecutive iterates is at \n  most 0.000000","max_nfev":10000,"message":"Fit succeeded.","method":"leastsq","model":"Model(lorentzian)","nan_policy":"raise","ndata":201,"nfev":61,"nfree":197,"nvarys":4,"params":[["width",277542.78214862075,true,null,null,null,null,126128.40134993066,{"amplitude":-0.7270225020053264,"offset":0.21113782403008619,"position":-0.1649264097100131},50000.0,null],["position",4404185226.9856825,true,null,null,null,null,82917.81817044425,{"amplitude":0.07580316568205328,"offset":-0.02206872860738119,"width":-0.1649264097100131},4404318500.0,null],["amplitude",-6908.131861403705,true,null,null,null,null,2203.031450687312,{"offset":-0.2924094569355232,"position":0.07580316568205328,"width":-0.7270225020053264},-371456.26701031695,null],["offset",7.41152217184985,true,null,null,null,null,0.0005790101786529667,{"amplitude":-0.2924094569355232,"position":-0.02206872860738119,"width":0.21113782403008619},0.0,null]],"redchi":0.0000616237969346802,"rsquared":0.0961070901905069,"scale_covar":true,"success":true,"user_options":null,"var_names":["width","position","amplitude","offset"]}}