{"d1":{"resonance_frequency_ge":{"std_dev":31028.701868865744,"tag":null,"value":4366032568.83637}}}