{"aborted":false,"aic":-4902.415888332454,"best_values":{"amplitude":89.8521320732341,"offset":0.001287970372120058,"position":4366032568.83637,"width":1087.2977384543215},"bic":-4889.202668700218,"calc_covar":true,"call_kws":{"Dfun":null,"col_deriv":0,"diag":null,"epsfcn":1e-10,"factor":100,"ftol":1.5e-8,"full_output":1,"gtol":0.0,"maxfev":20000,"xtol":1.5e-8},"chisqr":4.936422864025279e-9,"ci_out":null,"col_deriv":false,"errorbars":true,"flatchain":null,"ier":1,"init_values":{"amplitude":65.06512792468536,"offset":0.0,"position":4366118500.0,"width":50000.0},"kws":{},"lmdif_message":"Both actual and predicted relative reductions in the sum of squares\n  are at most 0.000000","max_nfev":10000,"message":"Fit succeeded.","method":"leastsq","model":"Model(lorentzian)","nan_policy":"raise","ndata":201,"nfev":415,"nfree":197,"nvarys":4,"params":[["width",1087.2977384543215,true,null,null,null,null,18089891.768721264,{"amplitude":-0.9999999993853024,"offset":-0.17928168709756467,"position":0.9551969422363912},50000.0,null],["position",4366032568.83637,true,null,null,null,null,31028.701868865744,{"amplitude":-0.9552054422378823,"offset":-0.15551854346823327,"width":0.9551969422363912},4366118500.0,null],["amplitude",89.8521320732341,true,null,null,null,null,1448114.0978165662,{"offset":0.17927785931929813,"position":-0.9552054422378823,"width":-0.9999999993853024},65.06512792468536,null],["offset",0.001287970372120058,true,null,null,null,null,3.618843189824949e-7,{"amplitude":0.17927785931929813,"position":-0.15551854346823327,"width":-0.17928168709756467},0.0,null]],"redchi":2.5057984081346597e-11,"rsquared":0.04473114708370807,"scale_covar":true,"success":true,"user_options":null,"var_names":["width","position","amplitude","offset"]}