{"d1":{"resonance_frequency_ge":{"std_dev":48073.56031383115,"tag":null,"value":4282666966.746581}}}