{"aborted":false,"aic":-14847.448184608003,"best_values":{"amplitude":114.729784035148,"offset":0.0009980980227685373,"position":4282666966.746581,"width":2567.8208061110854},"bic":-14829.853804869863,"calc_covar":true,"call_kws":{"Dfun":null,"col_deriv":0,"diag":null,"epsfcn":1e-10,"factor":100,"ftol":1.5e-8,"full_output":1,"gtol":0.0,"maxfev":20000,"xtol":1.5e-8},"chisqr":1.106710214419635e-8,"ci_out":null,"col_deriv":false,"errorbars":true,"flatchain":null,"ier":1,"init_values":{"amplitude":50.59293958918535,"offset":0.0,"position":4282518500.0,"width":50000.0},"kws":{},"lmdif_message":"Both actual and predicted relative reductions in the sum of squares\n  are at most 0.000000","max_nfev":10000,"message":"Fit succeeded.","method":"leastsq","model":"Model(lorentzian)","nan_policy":"raise","ndata":601,"nfev":297,"nfree":597,"nvarys":4,"params":[["width",2567.8208061110854,true,null,null,null,null,12633531.362341588,{"amplitude":-0.9999999984023191,"offset":-0.10583905311393312,"position":-0.874522019037318},50000.0,null],["position",4282666966.746581,true,null,null,null,null,48073.56031383115,{"amplitude":0.8745262021319102,"offset":0.0857763844238001,"width":-0.874522019037318},4282518500.0,null],["amplitude",114.729784035148,true,null,null,null,null,543634.8868901117,{"offset":0.1058351251459378,"position":0.8745262021319102,"width":-0.9999999984023191},50.59293958918535,null],["offset",0.0009980980227685373,true,null,null,null,null,1.770533769600105e-7,{"amplitude":0.1058351251459378,"position":0.0857763844238001,"width":-0.10583905311393312},0.0,null]],"redchi":1.8537859538017337e-11,"rsquared":0.022533428470748018,"scale_covar":true,"success":true,"user_options":null,"var_names":["width","position","amplitude","offset"]}