{"d1":{"resonance_frequency_ge":{"std_dev":8922246.374771068,"tag":null,"value":4370910527.915276}}}