{"d1":{"aborted":false,"aic":-4966.877177399097,"best_values":{"amplitude":-0.22010908992104855,"offset":0.0012890742890009181,"position":4370910527.915276,"width":5690.989180454636},"bic":-4953.66395776686,"calc_covar":true,"call_kws":{"Dfun":null,"col_deriv":0,"diag":null,"epsfcn":1e-10,"factor":100,"ftol":1.5e-8,"full_output":1,"gtol":0.0,"maxfev":20000,"xtol":1.5e-8},"chisqr":3.5820598843349316e-9,"ci_out":null,"col_deriv":false,"errorbars":true,"flatchain":null,"ier":2,"init_values":{"amplitude":-65.0292443734245,"offset":0.0,"position":4370918500.0,"width":50000.0},"kws":{},"lmdif_message":"The relative error between two consecutive iterates is at most 0.000000","max_nfev":10000,"message":"Fit succeeded.","method":"leastsq","model":"Model(lorentzian)","nan_policy":"raise","ndata":201,"nfev":282,"nfree":197,"nvarys":4,"params":[["width",5690.989180454636,true,null,null,null,null,1856945.330896721,{"amplitude":0.9604292456601932,"offset":0.0634061586774465,"position":-0.9074454578487254},50000.0,null],["position",4370910527.915276,true,null,null,null,null,8922246.374771068,{"amplitude":-0.9885635983986897,"offset":0.002502282244657252,"width":-0.9074454578487254},4370918500.0,null],["amplitude",-0.22010908992104855,true,null,null,null,null,62.514480468513774,{"offset":0.02101740158510206,"position":-0.9885635983986897,"width":0.9604292456601932},-65.0292443734245,null],["offset",0.0012890742890009181,true,null,null,null,null,3.052869863446809e-7,{"amplitude":0.02101740158510206,"position":0.002502282244657252,"width":0.0634061586774465},0.0,null]],"redchi":1.8183045098146862e-11,"rsquared":0.045466845666171984,"scale_covar":true,"success":true,"user_options":null,"var_names":["width","position","amplitude","offset"]}}