{"d1":{"resonance_frequency_ge":{"std_dev":56128.11910222449,"tag":null,"value":4375029013.323782}}}