{"d1":{"aborted":false,"aic":-18677.121209881396,"best_values":{"amplitude":-0.27568274906468193,"offset":0.00005883867054414241,"position":4375029013.323782,"width":1083.8260202706329},"bic":-18659.526830143255,"calc_covar":true,"call_kws":{"Dfun":null,"col_deriv":0,"diag":null,"epsfcn":1e-10,"factor":100,"ftol":1.5e-8,"full_output":1,"gtol":0.0,"maxfev":20000,"xtol":1.5e-8},"chisqr":1.890760308012482e-11,"ci_out":null,"col_deriv":false,"errorbars":true,"flatchain":null,"ier":2,"init_values":{"amplitude":-2.971947426276688,"offset":0.0,"position":4375051833.333333,"width":50000.0},"kws":{},"lmdif_message":"The relative error between two consecutive iterates is at most 0.000000","max_nfev":10000,"message":"Fit succeeded.","method":"leastsq","model":"Model(lorentzian)","nan_policy":"raise","ndata":601,"nfev":189,"nfree":597,"nvarys":4,"params":[["width",1083.8260202706329,true,null,null,null,null,458153.1168666652,{"amplitude":0.9999996940007906,"offset":0.07899073148857304,"position":0.6030342311583645},50000.0,null],["position",4375029013.323782,true,null,null,null,null,56128.11910222449,{"amplitude":0.6032935462159896,"offset":0.04422347732932976,"width":0.6030342311583645},4375051833.333333,null],["amplitude",-0.27568274906468193,true,null,null,null,null,116.06907370228487,{"offset":0.07894774008299608,"position":0.6032935462159896,"width":0.9999996940007906},-2.971947426276688,null],["offset",0.00005883867054414241,true,null,null,null,null,7.294650503390582e-9,{"amplitude":0.07894774008299608,"position":0.04422347732932976,"width":0.07899073148857304},0.0,null]],"redchi":3.1671026934882445e-14,"rsquared":0.018423230430263504,"scale_covar":true,"success":true,"user_options":null,"var_names":["width","position","amplitude","offset"]}}