{"d1":{"resonance_frequency_ge":{"std_dev":19983.04505608825,"tag":null,"value":4369349425.809339}}}