{"d1":{"aborted":false,"aic":-1940.1924181827121,"best_values":{"amplitude":-1309.5906210245603,"offset":7.409108516583515,"position":4369349425.809339,"width":44052.92143941521},"bic":-1926.9791985504758,"calc_covar":true,"call_kws":{"Dfun":null,"col_deriv":0,"diag":null,"epsfcn":1e-10,"factor":100,"ftol":1.5e-8,"full_output":1,"gtol":0.0,"maxfev":20000,"xtol":1.5e-8},"chisqr":0.012410719737280012,"ci_out":null,"col_deriv":false,"errorbars":true,"flatchain":null,"ier":2,"init_values":{"amplitude":-371208.1907732095,"offset":0.0,"position":4369368500.0,"width":50000.0},"kws":{},"lmdif_message":"The relative error between two consecutive iterates is at most 0.000000","max_nfev":10000,"message":"Fit succeeded.","method":"leastsq","model":"Model(lorentzian)","nan_policy":"raise","ndata":201,"nfev":35,"nfree":197,"nvarys":4,"params":[["width",44052.92143941521,true,null,null,null,null,27283.295824219036,{"amplitude":-0.6876083522456722,"offset":0.17059071705903567,"position":-0.34747436833655154},50000.0,null],["position",4369349425.809339,true,null,null,null,null,19983.04505608825,{"amplitude":0.0354323645194498,"offset":-0.012023226178156097,"width":-0.34747436833655154},4369368500.0,null],["amplitude",-1309.5906210245603,true,null,null,null,null,443.46746348993264,{"offset":-0.24139233740510116,"position":0.0354323645194498,"width":-0.6876083522456722},-371208.1907732095,null],["offset",7.409108516583515,true,null,null,null,null,0.0005769173561450253,{"amplitude":-0.24139233740510116,"position":-0.012023226178156097,"width":0.17059071705903567},0.0,null]],"redchi":0.00006299857734659905,"rsquared":0.08505820454746926,"scale_covar":true,"success":true,"user_options":null,"var_names":["width","position","amplitude","offset"]}}