{"d1":{"resonance_frequency_ge":{"std_dev":86178.95339637088,"tag":null,"value":4365836534.096657}}}