{"d1":{"aborted":false,"aic":-4974.606747512743,"best_values":{"amplitude":-3.1589259331725557,"offset":0.0009983661491759044,"position":4365836534.096657,"width":11735.59996222437},"bic":-4961.393527880507,"calc_covar":true,"call_kws":{"Dfun":null,"col_deriv":0,"diag":null,"epsfcn":1e-10,"factor":100,"ftol":1.5e-8,"full_output":1,"gtol":0.0,"maxfev":20000,"xtol":1.5e-8},"chisqr":3.4469247231245485e-9,"ci_out":null,"col_deriv":false,"errorbars":true,"flatchain":null,"ier":2,"init_values":{"amplitude":50.427457287272794,"offset":0.0,"position":4365518500.0,"width":50000.0},"kws":{},"lmdif_message":"The relative error between two consecutive iterates is at most 0.000000","max_nfev":10000,"message":"Fit succeeded.","method":"leastsq","model":"Model(lorentzian)","nan_policy":"raise","ndata":201,"nfev":50,"nfree":197,"nvarys":4,"params":[["width",11735.59996222437,true,null,null,null,null,3919651.684723384,{"amplitude":0.9999911729116954,"offset":0.17628765827223458,"position":0.9716713154036049},50000.0,null],["position",4365836534.096657,true,null,null,null,null,86178.95339637088,{"amplitude":0.972518785206463,"offset":0.1564186108651042,"width":0.9716713154036049},4365518500.0,null],["amplitude",-3.1589259331725557,true,null,null,null,null,1032.5273041509656,{"offset":0.17581995544645598,"position":0.972518785206463,"width":0.9999911729116954},50.427457287272794,null],["offset",0.0009983661491759044,true,null,null,null,null,3.0231765501646043e-7,{"amplitude":0.17581995544645598,"position":0.1564186108651042,"width":0.17628765827223458},0.0,null]],"redchi":1.7497079812814968e-11,"rsquared":0.010542592634017911,"scale_covar":true,"success":true,"user_options":null,"var_names":["width","position","amplitude","offset"]}}