{"d1":{"resonance_frequency_ge":{"std_dev":8243468.945278134,"tag":null,"value":4367829219.688405}}}