{"d1":{"aborted":false,"aic":-14858.431718063799,"best_values":{"amplitude":-2.7364683420173384,"offset":0.0009953107283041018,"position":4367829219.688405,"width":2454.679138385611},"bic":-14840.837338325658,"calc_covar":true,"call_kws":{"Dfun":null,"col_deriv":0,"diag":null,"epsfcn":1e-10,"factor":100,"ftol":1.5e-8,"full_output":1,"gtol":0.0,"maxfev":20000,"xtol":1.5e-8},"chisqr":1.0866683043961065e-8,"ci_out":null,"col_deriv":false,"errorbars":true,"flatchain":null,"ier":1,"init_values":{"amplitude":-50.3527557759616,"offset":0.0,"position":4367851833.333333,"width":50000.0},"kws":{},"lmdif_message":"Both actual and predicted relative reductions in the sum of squares\n  are at most 0.000000","max_nfev":10000,"message":"Fit succeeded.","method":"leastsq","model":"Model(lorentzian)","nan_policy":"raise","ndata":601,"nfev":346,"nfree":597,"nvarys":4,"params":[["width",2454.679138385611,true,null,null,null,null,6076409.843516396,{"amplitude":0.99995404080712,"offset":0.07935058410382197,"position":0.5952700131719869},50000.0,null],["position",4367829219.688405,true,null,null,null,null,8243468.945278134,{"amplitude":0.6029454958349977,"offset":0.01205922126211897,"width":0.5952700131719869},4367851833.333333,null],["amplitude",-2.7364683420173384,true,null,null,null,null,6380.093034304869,{"offset":0.07892158194329661,"position":0.6029454958349977,"width":0.99995404080712},-50.3527557759616,null],["offset",0.0009953107283041018,true,null,null,null,null,1.7489916218269001e-7,{"amplitude":0.07892158194329661,"position":0.01205922126211897,"width":0.07935058410382197},0.0,null]],"redchi":1.8202149152363592e-11,"rsquared":0.01526064631282742,"scale_covar":true,"success":true,"user_options":null,"var_names":["width","position","amplitude","offset"]}}