{"d1":{"resonance_frequency_ge":{"std_dev":52908.4333261299,"tag":null,"value":4397623444.560477}}}