{"aborted":false,"aic":-1920.1016390107882,"best_values":{"amplitude":-5353.803570870798,"offset":7.404808632542498,"position":4397623444.560477,"width":177335.55061868476},"bic":-1906.8884193785518,"calc_covar":true,"call_kws":{"Dfun":null,"col_deriv":0,"diag":null,"epsfcn":1e-10,"factor":100,"ftol":1.5e-8,"full_output":1,"gtol":0.0,"maxfev":20000,"xtol":1.5e-8},"chisqr":0.013715337323699315,"ci_out":null,"col_deriv":false,"errorbars":true,"flatchain":null,"ier":2,"init_values":{"amplitude":-371047.4642604284,"offset":0.0,"position":4397518500.0,"width":50000.0},"kws":{},"lmdif_message":"The relative error between two consecutive iterates is at most 0.000000","max_nfev":10000,"message":"Fit succeeded.","method":"leastsq","model":"Model(lorentzian)","nan_policy":"raise","ndata":201,"nfev":68,"nfree":197,"nvarys":4,"params":[["width",177335.55061868476,true,null,null,null,null,118167.12406993058,{"amplitude":-0.7302373534930672,"offset":0.1927591726920522,"position":0.02794108092310185},50000.0,null],["position",4397623444.560477,true,null,null,null,null,52908.4333261299,{"amplitude":-0.004529382009450873,"offset":0.007515298687375076,"width":0.02794108092310185},4397518500.0,null],["amplitude",-5353.803570870798,true,null,null,null,null,1909.7062911012301,{"offset":-0.25353034831042276,"position":-0.004529382009450873,"width":-0.7302373534930672},-371047.4642604284,null],["offset",7.404808632542498,true,null,null,null,null,0.0006084652128514406,{"amplitude":-0.25353034831042276,"position":0.007515298687375076,"width":0.1927591726920522},0.0,null]],"redchi":0.00006962100164314373,"rsquared":0.0788240433044558,"scale_covar":true,"success":true,"user_options":null,"var_names":["width","position","amplitude","offset"]}