{"d1":{"resonance_frequency_ge":{"std_dev":65408.485924901455,"tag":null,"value":4360964049.239684}}}