{"d1":{"aborted":false,"aic":-18629.727798373333,"best_values":{"amplitude":0.27010465910029186,"offset":0.0005301464692295416,"position":4360964049.239684,"width":961.8824423206446},"bic":-18612.133418635192,"calc_covar":true,"call_kws":{"Dfun":null,"col_deriv":0,"diag":null,"epsfcn":1e-10,"factor":100,"ftol":1.5e-8,"full_output":1,"gtol":0.0,"maxfev":20000,"xtol":1.5e-8},"chisqr":2.0458976000269163e-11,"ci_out":null,"col_deriv":false,"errorbars":true,"flatchain":null,"ier":2,"init_values":{"amplitude":26.538691185241117,"offset":0.0,"position":4360985166.666667,"width":50000.0},"kws":{},"lmdif_message":"The relative error between two consecutive iterates is at most 0.000000","max_nfev":10000,"message":"Fit succeeded.","method":"leastsq","model":"Model(lorentzian)","nan_policy":"raise","ndata":601,"nfev":308,"nfree":597,"nvarys":4,"params":[["width",961.8824423206446,true,null,null,null,null,414574.8250314776,{"amplitude":-0.999999594998381,"offset":-0.07724179290859096,"position":0.3078939489544571},50000.0,null],["position",4360964049.239684,true,null,null,null,null,65408.485924901455,{"amplitude":-0.3074398187131831,"offset":-0.038653167767192416,"width":0.3078939489544571},4360985166.666667,null],["amplitude",0.27010465910029186,true,null,null,null,null,104.51437131123122,{"offset":0.07719171800028857,"position":-0.3074398187131831,"width":-0.999999594998381},26.538691185241117,null],["offset",0.0005301464692295416,true,null,null,null,null,7.586683008417934e-9,{"amplitude":0.07719171800028857,"position":-0.038653167767192416,"width":-0.07724179290859096},0.0,null]],"redchi":3.426964154148939e-14,"rsquared":0.017122924422138808,"scale_covar":true,"success":true,"user_options":null,"var_names":["width","position","amplitude","offset"]}}