{"d1":{"resonance_frequency_ge":{"std_dev":191160.64199608905,"tag":null,"value":4350877871.082889}}}