{"d1":{"aborted":false,"aic":-5005.378869163713,"best_values":{"amplitude":0.8687414574409276,"offset":0.0037057464368067243,"position":4350877871.082889,"width":95811.48066076485},"bic":-4992.165649531476,"calc_covar":true,"call_kws":{"Dfun":null,"col_deriv":0,"diag":null,"epsfcn":1e-10,"factor":100,"ftol":1.5e-8,"full_output":1,"gtol":0.0,"maxfev":20000,"xtol":1.5e-8},"chisqr":2.957627173636824e-9,"ci_out":null,"col_deriv":false,"errorbars":true,"flatchain":null,"ier":2,"init_values":{"amplitude":185.6719653765843,"offset":0.0,"position":4350918500.0,"width":50000.0},"kws":{},"lmdif_message":"The relative error between two consecutive iterates is at most 0.000000","max_nfev":10000,"message":"Fit succeeded.","method":"leastsq","model":"Model(lorentzian)","nan_policy":"raise","ndata":201,"nfev":42,"nfree":197,"nvarys":4,"params":[["width",95811.48066076485,true,null,null,null,null,151349.5997939233,{"amplitude":0.5720520417347004,"offset":-0.14507010188136685,"position":0.67371286045164},50000.0,null],["position",4350877871.082889,true,null,null,null,null,191160.64199608905,{"amplitude":-0.03260645354694834,"offset":-0.06067061283613745,"width":0.67371286045164},4350918500.0,null],["amplitude",0.8687414574409276,true,null,null,null,null,0.6968488996314903,{"offset":-0.18156260254081988,"position":-0.03260645354694834,"width":0.5720520417347004},185.6719653765843,null],["offset",0.0037057464368067243,true,null,null,null,null,2.7857823325280455e-7,{"amplitude":-0.18156260254081988,"position":-0.06067061283613745,"width":-0.14507010188136685},0.0,null]],"redchi":1.5013335906785907e-11,"rsquared":0.02182934016032312,"scale_covar":true,"success":true,"user_options":null,"var_names":["width","position","amplitude","offset"]}}