{"d1":{"resonance_frequency_ge":{"std_dev":11331896.808513187,"tag":null,"value":4464499736.302967}}}