{"aborted":false,"aic":-18669.87865385928,"best_values":{"amplitude":-0.03408064779217373,"offset":0.000058514192470933874,"position":4464499736.302967,"width":-5981.328348202134},"bic":-18652.28427412114,"calc_covar":true,"call_kws":{"Dfun":null,"col_deriv":0,"diag":null,"epsfcn":1e-10,"factor":100,"ftol":1.5e-8,"full_output":1,"gtol":0.0,"maxfev":20000,"xtol":1.5e-8},"chisqr":1.9136834055824144e-11,"ci_out":null,"col_deriv":false,"errorbars":true,"flatchain":null,"ier":2,"init_values":{"amplitude":2.952065065321768,"offset":0.0,"position":4464518500.0,"width":50000.0},"kws":{},"lmdif_message":"The relative error between two consecutive iterates is at most 0.000000","max_nfev":10000,"message":"Fit succeeded.","method":"leastsq","model":"Model(lorentzian)","nan_policy":"raise","ndata":601,"nfev":330,"nfree":597,"nvarys":4,"params":[["width",-5981.328348202134,true,null,null,null,null,4116811.8523824452,{"amplitude":-0.9959485119644977,"offset":0.03646364739249152,"position":0.8572311217427119},50000.0,null],["position",4464499736.302967,true,null,null,null,null,11331896.808513187,{"amplitude":-0.900062691293775,"offset":-0.00721311729675788,"width":0.8572311217427119},4464518500.0,null],["amplitude",-0.03408064779217373,true,null,null,null,null,22.161637016873566,{"offset":-0.02957627876987142,"position":-0.900062691293775,"width":-0.9959485119644977},2.952065065321768,null],["offset",0.000058514192470933874,true,null,null,null,null,7.3347601601235025e-9,{"amplitude":-0.02957627876987142,"position":-0.00721311729675788,"width":0.03646364739249152},0.0,null]],"redchi":3.2054998418465904e-14,"rsquared":0.01423809777018692,"scale_covar":true,"success":true,"user_options":null,"var_names":["width","position","amplitude","offset"]}