{"d1":{"aborted":false,"aic":-16255.027707489662,"best_values":{"amplitude":-17.86755763862857,"offset":0.00005782288367380585,"position":4431642876.312027,"width":3929.092837564779},"bic":-16237.433327751522,"calc_covar":true,"call_kws":{"Dfun":null,"col_deriv":0,"diag":null,"epsfcn":1e-10,"factor":100,"ftol":1.5e-8,"full_output":1,"gtol":0.0,"maxfev":20000,"xtol":1.5e-8},"chisqr":1.0638713827939443e-9,"ci_out":null,"col_deriv":false,"errorbars":true,"flatchain":null,"ier":1,"init_values":{"amplitude":-3.0900772933626826,"offset":0.0,"position":4431518500.0,"width":50000.0},"kws":{},"lmdif_message":"Both actual and predicted relative reductions in the sum of squares\n  are at most 0.000000","max_nfev":10000,"message":"Fit succeeded.","method":"leastsq","model":"Model(lorentzian)","nan_policy":"raise","ndata":601,"nfev":347,"nfree":597,"nvarys":4,"params":[["width",3929.092837564779,true,null,null,null,null,8375249.236544558,{"amplitude":0.9999999824158747,"offset":0.10084509691640989,"position":-0.956080067525277},50000.0,null],["position",4431642876.312027,true,null,null,null,null,124462.54145408556,{"amplitude":-0.9561188566463046,"offset":-0.08649498706556578,"width":-0.956080067525277},4431518500.0,null],["amplitude",-17.86755763862857,true,null,null,null,null,36478.99549455963,{"offset":0.10083244104298222,"position":-0.9561188566463046,"width":0.9999999824158747},-3.0900772933626826,null],["offset",0.00005782288367380585,true,null,null,null,null,5.486868349093512e-8,{"amplitude":0.10083244104298222,"position":-0.08649498706556578,"width":0.10084509691640989},0.0,null]],"redchi":1.7820291169077794e-12,"rsquared":0.02140367608142324,"scale_covar":true,"success":true,"user_options":null,"var_names":["width","position","amplitude","offset"]}}